{
  "experiment_type": "offline_request_adjustment",
  "adjustment_range": "\u00b110%",
  "n_samples": 1000,
  "improvement_rate": 1.0,
  "avg_waste_improvement": 0.08363180707395076,
  "avg_violation_improvement": 0.08230753827095032,
  "total_waste_reduction": 83.63180707395077,
  "total_violation_reduction": 82.30753827095032,
  "avg_cpu_adjust_pct": -8.753467559814453,
  "avg_mem_adjust_pct": -2.643933057785034,
  "rds_correlation_with_improvement": -0.15561559439677566,
  "timestamp": "20251220_1636"
}