{"silhouette": 0.8492458462715149, "temporal_consistency": 0.6928108334541321, "clusters": 8, "samples": 186612}